{"cameraMode":{"drawMode":24,"name":"Light Overlap","section":"Baked Global Illumination"},"sceneLighting":true,"audioPlay":false,"sceneViewState":{"showFog":true,"showMaterialUpdate":true,"showSkybox":true,"showFlares":true,"showImageEffects":true,"showParticleSystems":true},"in2DMode":false,"pivot":{"x":-0.8849621415138245,"y":-0.506171703338623,"z":0.1023457795381546},"rotation":{"x":-0.6620188355445862,"y":-0.10905105620622635,"z":0.09823406487703324,"w":-0.7349945902824402},"size":4.206203460693359,"orthographic":false}